Stellar Innovations,SI_001,T,Active
Apex Solutions,AS_002,T,Active
Horizon Enterprises,HE_003,T,Active
Quantum Technologies,QT_004,T,Active
Titan Industries,TI_005,T,Active
Delta Systems,DS_006,T,Active
Synergy Corp,SC_007,T,Active
Nova Solutions,NS_008,T,Active
Eagle Enterprises,EE_009,T,Active
Ascend Technologies,AT_010,T,Active
Nexus Dynamics,ND_011,T,Active
Velocity Networks,VN_01,T,Active
Stratagem Systems	,SS_013,T,Active
Paragon Enterprises,PE_014,T,Active
Orion Innovations,OI_015,T,Active
Techtonic Solutions,TS_016,T,Active
Pinnacle Strategies,PS_017,T,Active
NextGen Enterprises,NGE_018,T,Active
Fusion Industries,FI_019,T,Active
Vanguard Solutions,VS_020,T,Active
CoreTech Dynamics,CTD_021,T,Active
Silverline Solutions,SS_022,T,Active
Quantum Systems,QS_023,T,Active
Pulse Technologies,PT_024,T,Active
EvoData Systems,EDS_025,T,Active
TaskForce Technologies,TFT_026,T,Active
Synergy Innovations,SI_027,T,Active
Celerity Solutions,CS_028,T,Active
MetricWorks,MW_029,T,Active
Vortex Solutions,VS_030,T,Active
DocsCollaborate,DC_031,T,Active
FlowMaster Automation,FMA_032,T,Active
TaskSync,TS_033,T,Active
DataVizPro,DVP_034,T,Active
CommHub,CH_035,T,Active
ProjectFlow,PF_036,T,Active
SupportX,SX_037,T,Active
OnboardEase,OE_038,T,Active
MarketInsights Suite,MIS_039,T,Active
HRStreamline,HRS_040,T,Active
InventoryTrack,IT_041,T,Active
VisualizePro,VP_042,T,Active
LeadMaster CRM,LMC_043,T,Active
InsightX,IX_044,T,Active
EcomAnalytics,EA_045,T,Active
AppEase,AE_046,T,Active
CRM360,CRM360_047,T,Active
FeedbackFlow,FF_048,T,Active
ProjectConnect,PC_049,T,Active
ForecastPro,FP_050,T,Active
Stratos,ST_051,T,Active
Nexora,NX_052,T,Active
Vantor,VT_053,T,Active
Zenith,Z_054,T,Active
Fluence,F_055,T,Active
Synergy,S_056,T,Active
Elevate,E_057,T,Active