1,https://call.xyzcorp.com/001,Stellar Innovations - Quick Check,2023-11-13T08:30:00Z,2023-11-13T08:35:00Z,1350
2,https://call.xyzcorp.com/002,Apex Solutions - Status Update,2023-11-13T10:15:00Z	,2023-11-13T10:20:00Z,1570
3,https://call.xyzcorp.com/003,Horizon Enterprises - Progress Review,2023-11-13T11:00:00Z,2023-11-13T11:05:00Z,2010
4,https://call.xyzcorp.com/004,Quantum Technologies - Feedback Session,2023-11-13T13:00:00Z,2023-11-13T13:00:00Z,1795
5,https://call.xyzcorp.com/005,Titan Industries - Follow-up Discussion,2023-11-13T15:30:00Z,2023-11-13T15:35:00Z	,1895
6,https://call.xyzcorp.com/006,Delta Systems - Status Check,2023-11-13T09:45:00Z,2023-11-13T09:50:00Z	,1430
7,https://call.xyzcorp.com/007,Synergy Corp - Project Sync,2023-11-13T12:10:00Z,2023-11-13T12:10:00Z	,1650
8,https://call.xyzcorp.com/008,Nova Solutions - Meeting Recap,2023-11-13T14:00:00Z,2023-11-13T14:05:00Z	,2025
9,https://call.xyzcorp.com/009,Eagle Enterprises - Strategy Update,2023-11-13T16:30:00Z,2023-11-13T16:35:00Z,1980
10,https://call.xyzcorp.com/010,Ascend Technologies - Action Plan Review,2023-11-13T18:00:00Z,2023-11-13T18:05:00Z,2110
11,https://call.xyzcorp.com/011,Nexus Dynamics - Partnership Discussion,2024-11-18T15:00:00Z,2024-11-18T15:05:00Z,1890
12,https://call.xyzcorp.com/012,Velocity Networks - Operational Check,2024-11-18T15:00:00Z,2024-11-18T15:02:00Z,2045
13,https://call.xyzcorp.com/013,Stratagem Systems - Status Check-in,2024-11-18T15:30:00Z,2024-11-18T15:30:00Z,1510
14,https://call.xyzcorp.com/014,Paragon Enterprises - Team Sync,2024-11-18T16:00:00Z,2024-11-18T16:05:00Z,1745
15,https://call.xyzcorp.com/015,Orion Innovations - Next Steps Discussion,2024-11-18T16:15:00Z,2024-11-18T16:15:00Z,1595
16,https://call.xyzcorp.com/016,Techtonic Solutions - Strategic Review,2024-11-18T17:00:00Z,2024-11-18T17:00:00Z,1820
17,https://call.xyzcorp.com/017,Pinnacle Strategies - Action Point Review,2024-11-18T17:30:00Z,2024-11-18T17:30:00Z,2025
18,https://call.xyzcorp.com/018,NextGen Enterprises - Team Update,2024-11-18T18:00:00Z,2024-11-18T18:35:00Z,978
19,https://call.xyzcorp.com/019,Fusion Industries - Client Feedback Session,2024-11-18T18:30:00Z,2024-11-18T18:30:00Z,1935
20,https://call.xyzcorp.com/020,Vanguard Solutions - Opportunity Review,2024-11-18T19:00:00Z,2024-11-18T19:01:00Z,2075
21,https://call.xyzcorp.com/021,CoreTech Dynamics - Progress Sync,2024-11-18T20:00:00Z,2024-11-18T20:00:00Z,1283
22,https://call.xyzcorp.com/022,Silverline Solutions - Next Steps Sync,2024-11-18T20:00:00Z,2024-11-18T20:10:00Z,1357
23,https://call.xyzcorp.com/023,Quantum Systems - Client Check-in,2024-11-18T09:15:00Z,2024-11-18T09:23:00Z,1489
24,https://call.xyzcorp.com/024,Pulse Technologies - Action Update,2024-11-18T13:40:00Z,2024-11-18T13:45:00Z,1347
25,https://call.xyzcorp.com/025,EvoData Systems - Follow-up Sync,2024-11-18T11:50:00Z,2024-11-18T11:58:00Z,821
26,https://call.xyzcorp.com/026,TaskForce Technologies - Workflow Check,2024-11-18T16:25:00Z,2024-11-18T16:34:00Z,1452
27,https://call.xyzcorp.com/027,Synergy Innovations - Improvement Discussion,2024-02-11T14:40:00Z,2024-02-11T14:47:00Z,1273
28,https://call.xyzcorp.com/028,Celerity Solutions - Team Sync-up,2024-03-25T09:15:00Z,2024-03-25T09:15:00Z,1375
29,https://call.xyzcorp.com/029,MetricWorks - Data Review,2024-05-12T16:30:00Z,2024-05-12T16:38:00Z,1536
30,https://call.xyzcorp.com/030,Vortex Solutions - Client Feedback,2024-06-22T08:10:00Z,2024-06-22T08:17:00Z	,887
31,https://call.xyzcorp.com/031,DocsCollaborate - Session Review,2024-07-19T20:50:00Z,2024-07-19T20:57:00Z,1435
32,https://call.xyzcorp.com/032,FlowMaster Automation - System Update,2024-09-03T11:15:00Z	,2024-09-03T11:15:00Z,1390
33,https://call.xyzcorp.com/033,TaskSync - Task Review,2024-02-15T10:30:00Z,2024-02-15T10:30:00Z,1531
34,https://call.xyzcorp.com/034,DataVizPro - Insights Discussion,2024-03-07T14:10:00Z,2024-03-07T14:10:00Z,1423
35,https://call.xyzcorp.com/035,CommHub - Communication Review,2024-04-22T17:25:00Z,2024-04-22T17:34:00Z,1382
36,https://call.xyzcorp.com/036,ProjectFlow - Operational Follow-up,2024-05-14T09:45:00Z,2024-05-14T09:54:00Z,1459
37,https://call.xyzcorp.com/037,SupportX - Feedback Call,2024-02-11T10:20:00Z,2024-02-11T10:28:00Z,1507
38,https://call.xyzcorp.com/038,OnboardEase - System Check-in,2024-03-09T11:15:00Z,2024-03-09T11:22:00Z,1312
39,https://call.xyzcorp.com/039,MarketInsights Suite - Strategy Call,2024-04-18T13:45:00Z	,2024-04-18T13:52:00Z,1432
40,https://call.xyzcorp.com/040,HRStreamline - Performance Review,2024-05-25T16:10:00Z,2024-05-25T16:17:00Z,1822
41,https://call.xyzcorp.com/041,InventoryTrack - Stock Update,2024-07-03T14:30:00Z,2024-07-03T14:31:00Z	,1583
42,https://call.xyzcorp.com/042,VisualizePro - Data Insights Discussion,2024-08-12T10:15:00Z,2024-08-12T10:17:00Z,1458
43,https://call.xyzcorp.com/043,LeadMaster CRM - CRM Review,2024-09-16T13:25:00Z,2024-09-16T13:25:00Z,1334
44,https://call.xyzcorp.com/044,InsightX - Forecasting Update,2024-10-01T11:40:00Z,2024-10-01T11:40:00Z,1459
45,https://call.xyzcorp.com/045,EcomAnalytics - Conversion Review,2024-10-28T14:55:00Z,2024-10-28T15:01:00Z	,2105
46,https://call.xyzcorp.com/046,AppEase - App Sync,2024-11-14T09:20:00Z,2024-11-14T09:32:00Z	,2645
47,https://call.xyzcorp.com/047,CRM360 - CRM Follow-up,2024-11-18T12:45:00Z,2024-11-18T12:55:00Z	,2459
48,https://call.xyzcorp.com/048,FeedbackFlow - Sentiment Review,2024-10-22T15:10:00Z,2024-10-22T15:23:00Z	,1978
49,https://call.xyzcorp.com/049,ProjectConnect - Resource Planning,2024-09-30T16:40:00Z,2024-09-30T16:51:00Z	,2211
50,https://call.xyzcorp.com/050,ForecastPro - Sales Review,2024-08-15T11:30:00Z	,2024-08-15T11:41:00Z	,2057
51,https://call.xyzcorp.com/051,Stratos - Social Feedback,2024-07-25T09:15:00Z,2024-07-25T09:26:00Z	,2031
52,https://call.xyzcorp.com/052,Nexora - Lead Scoring Update,2024-06-19T08:40:00Z,2024-06-19T08:51:00Z	,2073
53,https://call.xyzcorp.com/053,Vantor - Sales Sync-up,2024-09-02T10:30:00Z	,2024-09-02T10:42:00Z	,1879
54,https://call.xyzcorp.com/054,Zenith - Reporting Follow-up,2024-06-25T16:45:00Z,2024-06-25T16:57:00Z,1788
55,https://call.xyzcorp.com/055,Fluence - Feature Feedback,2024-08-09T13:30:00Z,2024-08-09T13:30:00Z,1534
56,https://call.xyzcorp.com/056,Fluence - Client Review,2024-11-18T19:00:00Z	,2024-11-18T19:03:00Z	,1200
57,https://call.xyzcorp.com/057,Fluence - Progress Check,2024-12-01T09:30:00Z,2024-12-01T09:35:00Z,1382
58,https://call.xyzcorp.com/058,Fluence - Product Discussion,2024-10-18T13:00:00Z	,2024-10-18T13:04:00Z,1019
59,https://call.xyzcorp.com/059,Fluence - Strategy Sync,2024-09-27T09:15:00Z,2024-09-27T09:17:00Z,1762
60,https://call.xyzcorp.com/060,Synergy - Feedback Call,2024-10-04T11:55:00Z	,2024-10-04T11:55:00Z	,1901
61,https://call.xyzcorp.com/061,Synergy - System Check,2024-11-18T20:30:00Z,2024-11-18T20:30:00Z,1022
62,https://call.xyzcorp.com/062,Synergy - Implementation Sync,2024-10-15T21:00:00Z,2024-10-15T21:02:00Z	,1988
63,https://call.xyzcorp.com/063,Synergy - Progress Update,2024-11-20T14:00:00Z,2024-11-20T14:03:00Z,1473
64,https://call.xyzcorp.com/064,Synergy - Strategy Meeting,2024-07-20T12:00:00Z	,2024-07-20T12:00:00Z,1302
65,https://call.xyzcorp.com/065,Synergy - Action Plan Review,2024-06-22T15:00:00Z,2024-06-22T15:02:00Z	,1032
66,https://call.xyzcorp.com/066,Elevate - Strategy Sync,2024-09-21T14:25:00Z	,2024-09-21T14:25:00Z	,2402
67,https://call.xyzcorp.com/067,Elevate - Implementation Check,2024-11-18T22:00:00Z,2024-11-18T22:05:00Z,1701
68,https://call.xyzcorp.com/068,Elevate - Task Update,2024-11-19T11:00:00Z	,2024-11-19T11:05:00Z,1203
69,https://call.xyzcorp.com/069,Elevate - System Sync,2024-08-17T16:30:00Z	,2024-08-17T16:32:00Z,1272
70,https://call.xyzcorp.com/070,Elevate - Performance Review,2024-08-30T14:00:00Z,2024-08-30T14:03:00Z	,1492